{"beaver_valley_google.jpg":0.6771386874996392,"braidwood_google.jpg":0.8279424999995534,"browns_ferry_google.jpg":1.5710035000002194,"brunswick_google.jpg":0.5279003125000983,"byron_google.jpg":0.7715867500003275,"callaway_google.jpg":0.8500325625000148,"calvert_cliffs_google.jpg":0.7047947499996428,"catawba_google.jpg":0.9839644374998882,"clinton_google.jpg":0.6888794687496581,"columbia_google.jpg":1.4267223437499035,"comanche_peak_google.jpg":1.0065763124996499,"cooper_google.jpg":0.5988668125001306,"davis_besse_google.jpg":0.926912937499947,"diablo_google.jpg":0.9804856875000197,"donald_cook_google.jpg":0.738190749999985,"dresden_google.jpg":0.9690058124999601,"duane_arnold_google.jpg":1.010837781250014,"grand_gulf_google.jpg":0.856207343749874,"indian_point_google.jpg":0.8179410937500865,"jinna_google.jpg":0.8127750477590621,"kewaunee_google.jpg":0.4358873750000593,"lasalle_google.jpg":0.6796465875374736,"quad_cities_google.jpg":0.4834592812498341,"vermont_yankee_google.jpg":0.791763500000058,"vogtle_google 695592.jpg":0.791763500000058,"vogtle_google.jpg":0.8391614687496538,"wolf_creek_google.jpg":0.8149841562495187}